rank,arch,hidden,seq_len,epochs,lr,ewma,th_name,recalc_n,precision,recall,f1,accuracy,seg_det,seg_total,score
1,"GRU-AE",128,100,30,0.005,0.3,"TH3 z3-10 w80 r5",5,92.4,100.0,95.7,98.7,6,6,95.7
2,"GRU-AE",128,100,30,0.005,0.3,"TH3 z3-10 w80 r5",5,92.4,100.0,95.7,98.7,6,6,95.7
3,"GRU-AE",128,100,30,0.005,0.3,"TH3 z3-10 w80 r5",5,92.4,100.0,95.7,98.7,6,6,95.7
4,"GRU-AE",128,100,30,0.005,0.3,"TH3 z3-10 w80 r5",5,92.4,100.0,95.7,98.7,6,6,95.7
5,"GRU-AE",128,100,30,0.005,0.3,"TH3 z3-10 w80 r5",5,92.4,100.0,95.7,98.7,6,6,95.7
6,"GRU-AE",128,100,30,0.005,0.3,"TH3 z3-10 w80 r5",5,92.4,100.0,95.7,98.7,6,6,95.7
7,"GRU-AE",128,100,30,0.005,0.3,"TH3 z3-10 w80 r5",5,92.4,100.0,95.7,98.7,6,6,95.7
8,"GRU-AE",128,100,30,0.005,0.3,"TH3 z3-10 w80 r5",5,92.4,100.0,95.7,98.7,6,6,95.7
9,"GRU-AE",128,100,30,0.005,0.3,"TH3 z3-10 w80 r5",5,92.4,100.0,95.7,98.7,6,6,95.7
10,"GRU-AE",128,100,30,0.005,0.3,"TH3 z3-10 w80 r5",5,92.4,100.0,95.7,98.7,6,6,95.7
11,"GRU-AE",128,100,30,0.005,0.3,"TH3 z3-10 w80 r5",5,92.4,100.0,95.7,98.7,6,6,95.7
12,"GRU-AE",128,100,30,0.005,0.3,"TH3 z3-10 w80 r5",5,92.4,100.0,95.7,98.7,6,6,95.7
13,"GRU-AE",128,100,30,0.005,0.3,"TH3 z3-10 w80 r5",5,92.4,100.0,95.7,98.7,6,6,95.7
14,"GRU-AE",128,100,30,0.005,0.3,"TH3 z3-10 w80 r5",5,92.4,100.0,95.7,98.7,6,6,95.7
15,"GRU-AE",128,100,30,0.005,0.3,"TH3 z3-10 w80 r5",5,92.4,100.0,95.7,98.7,6,6,95.7
16,"GRU-AE",128,100,30,0.005,0.3,"TH3 z3-10 w80 r5",5,92.4,100.0,95.7,98.7,6,6,95.7
17,"GRU-AE",64,100,50,0.005,0.3,"TH3 z3-10 w80 r5",5,92.2,100.0,95.6,98.6,6,6,95.6
18,"GRU-AE",64,100,50,0.005,0.3,"TH3 z3-10 w80 r5",5,92.2,100.0,95.6,98.6,6,6,95.6
19,"GRU-AE",64,100,50,0.005,0.3,"TH3 z3-10 w80 r5",5,92.2,100.0,95.6,98.6,6,6,95.6
20,"GRU-AE",64,100,50,0.005,0.3,"TH3 z3-10 w80 r5",5,92.2,100.0,95.6,98.6,6,6,95.6
21,"GRU-AE",64,100,50,0.005,0.3,"TH3 z3-10 w80 r5",5,92.2,100.0,95.6,98.6,6,6,95.6
22,"GRU-AE",64,100,50,0.005,0.3,"TH3 z3-10 w80 r5",5,92.2,100.0,95.6,98.6,6,6,95.6
23,"GRU-AE",64,100,50,0.005,0.3,"TH3 z3-10 w80 r5",5,92.2,100.0,95.6,98.6,6,6,95.6
24,"GRU-AE",64,100,50,0.005,0.3,"TH3 z3-10 w80 r5",5,92.2,100.0,95.6,98.6,6,6,95.6
25,"GRU-AE",64,100,50,0.005,0.3,"TH3 z3-10 w80 r5",5,92.2,100.0,95.6,98.6,6,6,95.6
26,"GRU-AE",64,100,50,0.005,0.3,"TH3 z3-10 w80 r5",5,92.2,100.0,95.6,98.6,6,6,95.6
27,"GRU-AE",64,100,50,0.005,0.3,"TH3 z3-10 w80 r5",5,92.2,100.0,95.6,98.6,6,6,95.6
28,"GRU-AE",64,100,50,0.005,0.3,"TH3 z3-10 w80 r5",5,92.2,100.0,95.6,98.6,6,6,95.6
29,"GRU-AE",64,100,50,0.005,0.3,"TH3 z3-10 w80 r5",5,92.2,100.0,95.6,98.6,6,6,95.6
30,"GRU-AE",64,100,50,0.005,0.3,"TH3 z3-10 w80 r5",5,92.2,100.0,95.6,98.6,6,6,95.6
31,"GRU-AE",64,100,50,0.005,0.3,"TH3 z3-10 w80 r5",5,92.2,100.0,95.6,98.6,6,6,95.6
32,"GRU-AE",64,100,50,0.005,0.3,"TH3 z3-10 w80 r5",5,92.2,100.0,95.6,98.6,6,6,95.6
33,"GRU-AE",64,100,50,0.005,0.3,"TH3 z3-10 w80 r5",5,92.2,100.0,95.6,98.6,6,6,95.6
34,"GRU-AE",64,100,50,0.005,0.3,"TH3 z3-10 w80 r5",5,92.2,100.0,95.6,98.6,6,6,95.6
35,"GRU-AE",64,100,50,0.005,0.3,"TH3 z3-10 w80 r5",5,92.2,100.0,95.6,98.6,6,6,95.6
36,"GRU-AE",64,100,50,0.005,0.3,"TH3 z3-10 w80 r5",5,92.2,100.0,95.6,98.6,6,6,95.6
37,"GRU-AE",64,100,50,0.005,0.3,"TH3 z3-10 w80 r5",5,92.2,100.0,95.6,98.6,6,6,95.6
38,"GRU-AE",64,100,50,0.005,0.3,"TH3 z3-5 w80 r5",5,92.2,100.0,95.6,98.6,6,6,95.6
39,"GRU-AE",64,100,50,0.005,0.3,"TH3 z3-10 w80 r5",5,92.2,100.0,95.6,98.6,6,6,95.6
40,"GRU-AE",64,100,50,0.005,0.3,"TH3 z3-10 w80 r5",5,92.2,100.0,95.6,98.6,6,6,95.6
41,"GRU-AE",64,100,50,0.005,0.3,"TH3 z3-10 w80 r5",5,92.2,100.0,95.6,98.6,6,6,95.6
42,"GRU-AE",64,100,50,0.005,0.3,"TH3 z3-10 w80 r5",5,92.2,100.0,95.6,98.6,6,6,95.6
43,"GRU-AE",64,100,50,0.005,0.3,"TH3 z3-10 w80 r5",5,92.2,100.0,95.6,98.6,6,6,95.6
44,"GRU-AE",64,100,50,0.005,0.3,"TH3 z3-10 w80 r5",5,92.2,100.0,95.6,98.6,6,6,95.6
45,"GRU-AE",64,100,50,0.005,0.3,"TH3 z3-10 w80 r5",5,92.2,100.0,95.6,98.6,6,6,95.6
46,"GRU-AE",64,100,50,0.005,0.3,"TH3 z3-10 w80 r5",5,92.2,100.0,95.6,98.6,6,6,95.6
47,"GRU-AE",64,100,50,0.005,0.3,"TH3 z3-10 w80 r5",5,92.2,100.0,95.6,98.6,6,6,95.6
48,"GRU-AE",64,100,50,0.005,0.3,"TH3 z3-10 w80 r5",5,92.2,100.0,95.6,98.6,6,6,95.6
49,"GRU-AE",64,100,50,0.005,0.3,"TH3 z3-10 w80 r5",5,92.2,100.0,95.6,98.6,6,6,95.6
50,"GRU-AE",64,100,50,0.005,0.3,"TH3 z3-10 w80 r5",5,92.2,100.0,95.6,98.6,6,6,95.6
51,"GRU-AE",64,100,50,0.005,0.3,"TH3 z3-10 w80 r5",5,92.2,100.0,95.6,98.6,6,6,95.6
52,"GRU-AE",64,100,50,0.005,0.3,"TH3 z3-10 w80 r5",5,92.2,100.0,95.6,98.6,6,6,95.6
53,"GRU-AE",64,100,50,0.005,0.3,"TH3 z3-10 w80 r5",5,92.2,100.0,95.6,98.6,6,6,95.6
54,"GRU-AE",64,100,50,0.005,0.3,"TH3 z3-10 w80 r5",5,92.2,100.0,95.6,98.6,6,6,95.6
55,"GRU-AE",64,100,50,0.005,0.3,"TH3 z3-10 w80 r5",5,92.2,100.0,95.6,98.6,6,6,95.6
56,"GRU-AE",64,100,50,0.005,0.3,"TH3 z3-10 w80 r5",5,92.2,100.0,95.6,98.6,6,6,95.6
57,"GRU-AE",64,100,50,0.005,0.3,"TH3 z3-10 w80 r5",5,92.2,100.0,95.6,98.6,6,6,95.6
58,"GRU-AE",64,100,50,0.005,0.3,"TH3 z3-10 w80 r5",5,92.2,100.0,95.6,98.6,6,6,95.6
59,"GRU-AE",64,100,50,0.005,0.3,"TH3 z3-10 w80 r5",5,92.2,100.0,95.6,98.6,6,6,95.6
60,"GRU-AE",64,100,50,0.005,0.3,"TH3 z3-10 w80 r5",5,92.2,100.0,95.6,98.6,6,6,95.6
61,"GRU-AE",64,100,50,0.005,0.3,"TH3 z3-10 w80 r5",5,92.2,100.0,95.6,98.6,6,6,95.6
62,"GRU-AE",64,100,50,0.005,0.3,"TH3 z3-10 w80 r5",5,92.2,100.0,95.6,98.6,6,6,95.6
63,"GRU-AE",64,100,50,0.005,0.3,"TH3 z3-10 w80 r5",5,92.2,100.0,95.6,98.6,6,6,95.6
64,"GRU-AE",64,100,50,0.005,0.3,"TH3 z3-10 w80 r5",5,92.2,100.0,95.6,98.6,6,6,95.6
65,"GRU-AE",64,100,50,0.005,0.3,"TH3 z3-10 w80 r5",5,92.2,100.0,95.6,98.6,6,6,95.6
66,"GRU-AE",64,100,50,0.005,0.3,"TH3 z3-10 w80 r5",5,92.2,100.0,95.6,98.6,6,6,95.6
67,"GRU-AE",64,100,50,0.005,0.3,"TH3 z3-5 w80 r5",5,92.2,100.0,95.6,98.6,6,6,95.6
68,"GRU-AE",64,100,50,0.005,0.3,"TH3 z3-5 w80 r5",5,92.2,100.0,95.6,98.6,6,6,95.6
69,"GRU-AE",64,100,50,0.005,0.3,"TH3 z3-10 w80 r5",5,92.2,100.0,95.6,98.6,6,6,95.6
70,"GRU-AE",64,100,50,0.005,0.3,"TH3 z3-10 w80 r5",5,92.2,100.0,95.6,98.6,6,6,95.6
71,"GRU-AE",64,100,50,0.005,0.3,"TH3 z3-10 w80 r5",5,92.2,100.0,95.6,98.6,6,6,95.6
72,"GRU-AE",64,100,50,0.005,0.3,"TH3 z3-10 w80 r5",5,92.2,100.0,95.6,98.6,6,6,95.6
73,"GRU-AE",64,100,50,0.005,0.3,"TH3 z3-5 w80 r5",5,92.2,100.0,95.6,98.6,6,6,95.6
74,"GRU-AE",64,100,50,0.005,0.3,"TH3 z3-10 w80 r5",5,92.2,100.0,95.6,98.6,6,6,95.6
75,"GRU-AE",64,100,50,0.005,0.3,"TH3 z3-10 w80 r5",5,92.2,100.0,95.6,98.6,6,6,95.6
76,"GRU-AE",64,100,50,0.005,0.3,"TH3 z3-10 w80 r5",5,92.2,100.0,95.6,98.6,6,6,95.6
77,"GRU-AE",64,100,50,0.005,0.3,"TH3 z3-10 w80 r5",5,92.2,100.0,95.6,98.6,6,6,95.6
78,"GRU-AE",64,100,50,0.005,0.3,"TH3 z3-10 w80 r5",5,92.2,100.0,95.6,98.6,6,6,95.6
79,"GRU-AE",64,100,50,0.005,0.3,"TH3 z3-10 w80 r5",5,92.2,100.0,95.6,98.6,6,6,95.6
80,"GRU-AE",64,100,50,0.005,0.3,"TH3 z3-10 w80 r5",5,92.2,100.0,95.6,98.6,6,6,95.6
81,"GRU-AE",64,100,50,0.005,0.3,"TH3 z3-10 w80 r5",5,92.2,100.0,95.6,98.6,6,6,95.6
82,"GRU-AE",64,100,50,0.005,0.3,"TH3 z3-10 w80 r5",5,92.2,100.0,95.6,98.6,6,6,95.6
83,"GRU-AE",64,100,50,0.005,0.3,"TH3 z3-10 w80 r5",5,92.2,100.0,95.6,98.6,6,6,95.6
84,"GRU-AE",128,100,50,0.005,0.3,"TH3 z3-10 w80 r5",5,92.2,100.0,95.6,98.6,6,6,95.6
85,"GRU-AE",64,100,50,0.005,0.3,"TH3 z3-10 w80 r5",5,92.2,100.0,95.6,98.6,6,6,95.6
86,"GRU-AE",64,100,50,0.005,0.3,"TH3 z3-10 w80 r5",5,92.2,100.0,95.6,98.6,6,6,95.6
87,"GRU-AE",64,100,50,0.005,0.3,"TH3 z3-10 w80 r5",5,92.2,100.0,95.6,98.6,6,6,95.6
88,"GRU-AE",64,100,50,0.005,0.3,"TH3 z3-10 w80 r5",5,92.2,100.0,95.6,98.6,6,6,95.6
89,"GRU-AE",64,100,50,0.005,0.3,"TH3 z3-10 w80 r5",5,92.2,100.0,95.6,98.6,6,6,95.6
90,"GRU-AE",64,100,50,0.005,0.3,"TH3 z3-10 w80 r5",5,92.2,100.0,95.6,98.6,6,6,95.6
91,"GRU-AE",64,100,50,0.005,0.3,"TH3 z3-10 w80 r5",5,92.2,100.0,95.6,98.6,6,6,95.6
92,"GRU-AE",64,100,50,0.005,0.3,"TH3 z3-5 w80 r5",5,92.2,100.0,95.6,98.6,6,6,95.6
93,"GRU-AE",64,100,50,0.005,0.3,"TH3 z3-10 w80 r5",5,92.2,100.0,95.6,98.6,6,6,95.6
94,"GRU-AE",64,100,50,0.005,0.3,"TH3 z3-10 w80 r5",5,92.2,100.0,95.6,98.6,6,6,95.6
95,"GRU-AE",64,100,50,0.005,0.3,"TH3 z3-10 w80 r5",5,92.2,100.0,95.6,98.6,6,6,95.6
96,"GRU-AE",64,100,50,0.005,0.3,"TH3 z3-10 w80 r5",5,92.2,100.0,95.6,98.6,6,6,95.6
97,"GRU-AE",64,100,50,0.005,0.3,"TH3 z3-10 w80 r5",5,92.2,100.0,95.6,98.6,6,6,95.6
98,"GRU-AE",64,100,50,0.005,0.3,"TH3 z3-10 w80 r5",5,92.2,100.0,95.6,98.6,6,6,95.6
99,"GRU-AE",64,100,50,0.005,0.3,"TH3 z3-10 w80 r5",5,92.2,100.0,95.6,98.6,6,6,95.6
100,"GRU-AE",64,100,50,0.005,0.3,"TH3 z3-10 w80 r5",5,92.2,100.0,95.6,98.6,6,6,95.6
101,"GRU-AE",64,100,50,0.005,0.3,"TH3 z3-10 w80 r5",5,92.2,100.0,95.6,98.6,6,6,95.6
102,"GRU-AE",64,100,50,0.005,0.3,"TH3 z3-10 w80 r5",5,92.2,100.0,95.6,98.6,6,6,95.6
103,"GRU-AE",64,100,50,0.005,0.3,"TH3 z3-5 w80 r5",5,92.2,100.0,95.6,98.6,6,6,95.6
104,"GRU-AE",64,100,50,0.005,0.3,"TH3 z3-10 w80 r5",5,92.2,100.0,95.6,98.6,6,6,95.6
105,"GRU-AE",64,100,50,0.005,0.3,"TH3 z3-10 w80 r5",5,92.2,100.0,95.6,98.6,6,6,95.6
106,"GRU-AE",64,100,50,0.005,0.3,"TH3 z3-10 w80 r5",5,92.2,100.0,95.6,98.6,6,6,95.6
107,"GRU-AE",64,100,50,0.005,0.3,"TH3 z3-10 w80 r5",5,92.2,100.0,95.6,98.6,6,6,95.6
108,"GRU-AE",64,100,50,0.005,0.3,"TH3 z3-10 w80 r5",5,92.2,100.0,95.6,98.6,6,6,95.6
109,"GRU-AE",64,100,50,0.005,0.3,"TH3 z3-10 w80 r5",5,92.2,100.0,95.6,98.6,6,6,95.6
110,"GRU-AE",128,100,50,0.005,0.3,"TH3 z3-10 w80 r5",5,92.2,100.0,95.6,98.6,6,6,95.6
111,"GRU-AE",64,100,50,0.005,0.3,"TH3 z3-10 w80 r5",5,92.2,100.0,95.6,98.6,6,6,95.6
112,"GRU-AE",64,100,50,0.005,0.3,"TH3 z3-10 w80 r5",5,92.2,100.0,95.6,98.6,6,6,95.6
113,"GRU-AE",64,100,50,0.005,0.3,"TH3 z3-10 w80 r5",5,92.2,100.0,95.6,98.6,6,6,95.6
114,"GRU-AE",64,100,50,0.005,0.3,"TH3 z3-10 w100 r5",5,91.8,100.0,95.4,98.5,6,6,95.4
115,"GRU-AE",64,100,50,0.005,0.3,"TH3 z3-10 w100 r5",5,91.8,100.0,95.4,98.5,6,6,95.4
116,"GRU-AE",64,100,50,0.005,0.3,"TH3 z3-5 w100 r5",5,91.8,100.0,95.4,98.5,6,6,95.4
117,"GRU-AE",64,100,50,0.005,0.3,"TH3 z3-10 w100 r5",5,91.8,100.0,95.4,98.5,6,6,95.4
118,"GRU-AE",64,100,50,0.005,0.3,"TH3 z3-5 w100 r5",5,91.8,100.0,95.4,98.5,6,6,95.4
119,"GRU-AE",64,100,50,0.005,0.3,"TH3 z3-10 w100 r5",5,91.8,100.0,95.4,98.5,6,6,95.4
120,"GRU-AE",8,100,50,0.005,0.3,"TH3 z3-5 w100 r5",5,91.4,100.0,95.2,98.4,6,6,95.2
121,"GRU-AE",64,100,30,0.005,0.3,"TH3 z3-10 w80 r5",5,91.4,100.0,95.1,98.3,6,6,95.1
122,"GRU-AE",64,100,30,0.005,0.3,"TH3 z3-10 w80 r5",5,91.4,100.0,95.1,98.3,6,6,95.1
123,"GRU-AE",64,100,30,0.005,0.3,"TH3 z3-10 w80 r5",5,91.4,100.0,95.1,98.3,6,6,95.1
124,"GRU-AE",64,100,30,0.005,0.3,"TH3 z3-10 w80 r5",5,91.4,100.0,95.1,98.3,6,6,95.1
125,"GRU-AE",64,100,50,0.005,0.3,"TH3 z3-5 w80 r10",10,88.7,100.0,93.1,98.1,6,6,93.1
126,"GRU-AE",64,100,50,0.005,0.3,"TH3 z3-5 w80 r10",10,88.7,100.0,93.1,98.1,6,6,93.1
127,"GRU-AE",64,100,50,0.005,0.3,"TH3 z3-10 w80 r10",10,88.7,100.0,93.1,98.1,6,6,93.1
128,"GRU-AE",64,100,50,0.005,0.3,"TH3 z3-5 w80 r10",10,88.7,100.0,93.1,98.1,6,6,93.1
129,"GRU-AE",128,100,30,0.005,0.3,"TH3 z3-10 w80 r10",10,88.7,100.0,93.1,98.1,6,6,93.1
130,"GRU-AE",64,100,50,0.005,0.3,"TH3 z3-10 w100 r10",10,88.5,100.0,93.0,98.0,6,6,93.0
131,"GRU-AE",64,100,50,0.005,0.3,"TH3 z3-10 w100 r10",10,88.5,100.0,93.0,98.0,6,6,93.0
132,"GRU-AE",64,100,50,0.005,0.3,"TH3 z3-10 w100 r10",10,88.5,100.0,93.0,98.0,6,6,93.0
133,"GRU-AE",64,100,50,0.005,0.3,"TH3 z3-10 w100 r10",10,88.5,100.0,93.0,98.0,6,6,93.0
134,"GRU-AE",64,100,50,0.005,0.3,"TH3 z3-10 w100 r10",10,88.5,100.0,93.0,98.0,6,6,93.0
135,"GRU-AE",64,100,50,0.005,0.3,"TH3 z3-10 w100 r10",10,88.5,100.0,93.0,98.0,6,6,93.0
136,"GRU-AE",64,100,50,0.005,0.3,"TH3 z3-5 w100 r10",10,88.5,100.0,93.0,98.0,6,6,93.0
137,"GRU-AE",64,100,50,0.005,0.3,"TH3 z3-5 w100 r10",10,88.5,100.0,93.0,98.0,6,6,93.0
138,"GRU-AE",64,100,50,0.005,0.3,"TH3 z3-10 w100 r10",10,88.5,100.0,93.0,98.0,6,6,93.0
139,"GRU-AE",8,100,50,0.005,0.3,"TH3 z3-10 w80 r5",5,88.3,100.0,92.8,98.0,6,6,92.8
140,"GRU-AE",8,100,50,0.005,0.3,"TH3 z3-10 w80 r5",5,88.3,100.0,92.8,98.0,6,6,92.8
141,"GRU-AE",8,100,50,0.005,0.3,"TH3 z3-10 w80 r5",5,88.3,100.0,92.8,98.0,6,6,92.8
142,"GRU-AE",8,100,50,0.005,0.3,"TH3 z3-10 w80 r5",5,88.3,100.0,92.8,98.0,6,6,92.8
143,"GRU-AE",8,100,50,0.005,0.3,"TH3 z3-10 w80 r5",5,88.3,100.0,92.8,98.0,6,6,92.8
144,"GRU-AE",8,100,50,0.005,0.3,"TH3 z3-10 w80 r5",5,88.3,100.0,92.8,98.0,6,6,92.8
145,"GRU-AE",8,100,50,0.005,0.3,"TH3 z3-10 w80 r5",5,88.3,100.0,92.8,98.0,6,6,92.8
146,"GRU-AE",8,100,50,0.005,0.3,"TH3 z3-10 w80 r5",5,88.3,100.0,92.8,98.0,6,6,92.8
147,"GRU-AE",8,100,50,0.005,0.3,"TH3 z3-5 w100 r10",10,88.0,100.0,92.7,98.0,6,6,92.7
148,"GRU-AE",8,100,50,0.005,0.3,"TH3 z3-5 w100 r10",10,88.0,100.0,92.7,98.0,6,6,92.7
149,"GRU-AE",8,100,50,0.005,0.3,"TH3 z3-5 w100 r10",10,88.0,100.0,92.7,98.0,6,6,92.7
150,"GRU-AE",8,100,50,0.005,0.3,"TH3 z3-5 w100 r10",10,88.0,100.0,92.7,98.0,6,6,92.7
151,"GRU-AE",8,100,50,0.005,0.3,"TH3 z3-5 w100 r10",10,88.0,100.0,92.7,98.0,6,6,92.7
152,"GRU-AE",8,100,50,0.005,0.3,"TH3 z3-5 w100 r10",10,88.0,100.0,92.7,98.0,6,6,92.7
153,"GRU-AE",64,100,50,0.005,0.3,"TH3 z2-10 w80 r5",5,87.5,100.0,92.4,97.4,6,6,92.4
154,"GRU-AE",64,100,50,0.005,0.3,"TH3 z2-5 w80 r5",5,87.5,100.0,92.4,97.4,6,6,92.4
155,"GRU-AE",64,100,50,0.005,0.3,"TH3 z2-5 w80 r5",5,87.5,100.0,92.4,97.4,6,6,92.4
156,"GRU-AE",64,100,50,0.005,0.3,"TH3 z2-10 w80 r5",5,87.5,100.0,92.4,97.4,6,6,92.4
157,"GRU-AE",64,100,50,0.005,0.3,"TH3 z2-10 w80 r10",10,85.2,100.0,90.6,96.8,6,6,90.6
158,"GRU-AE",64,100,50,0.005,0.3,"TH3 z2-10 w80 r10",10,85.2,100.0,90.6,96.8,6,6,90.6
159,"GRU-AE",64,100,50,0.005,0.3,"TH3 z2-5 w80 r10",10,85.2,100.0,90.6,96.8,6,6,90.6
160,"GRU-AE",64,100,50,0.005,0.3,"TH3 z2-5 w80 r10",10,85.2,100.0,90.6,96.8,6,6,90.6
161,"GRU-AE",8,10,50,0.005,0.3,"TH1 P99 w100 r10",10,83.9,100.0,90.4,94.7,6,6,90.4
162,"GRU-AE",64,100,50,0.005,0.3,"TH3 z2-10 w100 r5",5,84.7,100.0,90.3,96.6,6,6,90.3
163,"GRU-AE",64,100,50,0.005,0.3,"TH3 z2-5 w100 r5",5,84.7,100.0,90.3,96.6,6,6,90.3
164,"GRU-AE",64,100,50,0.005,0.3,"TH3 z2-10 w100 r5",5,84.7,100.0,90.3,96.6,6,6,90.3
165,"GRU-AE",64,100,50,0.005,0.3,"TH3 z2-5 w100 r5",5,84.7,100.0,90.3,96.6,6,6,90.3
166,"GRU-AE",64,100,50,0.005,0.3,"TH3 z2-10 w100 r5",5,84.7,100.0,90.3,96.6,6,6,90.3
167,"GRU-AE",64,100,50,0.005,0.3,"TH3 z2-10 w100 r5",5,84.7,100.0,90.3,96.6,6,6,90.3
168,"GRU-AE",8,100,50,0.005,0.3,"TH3 z3-5 w80 r10",10,85.0,100.0,90.1,97.3,6,6,90.1
169,"GRU-AE",8,100,50,0.005,0.3,"TH3 z3-10 w80 r10",10,85.0,100.0,90.1,97.3,6,6,90.1
170,"GRU-AE",128,10,30,0.005,0.3,"TH1 P99 w100 r10",10,83.7,100.0,89.9,96.1,6,6,89.9
171,"GRU-AE",128,10,30,0.005,0.3,"TH1 P99 w100 r10",10,83.7,100.0,89.9,96.1,6,6,89.9
172,"GRU-AE",128,10,30,0.005,0.3,"TH1 P99 w100 r10",10,83.7,100.0,89.9,96.1,6,6,89.9
173,"GRU-AE",64,100,50,0.005,0.3,"TH1 P99 w100 r10",10,83.8,100.0,89.8,95.7,6,6,89.8
174,"GRU-AE",64,100,50,0.005,0.3,"TH1 P99 w100 r10",10,83.8,100.0,89.8,95.7,6,6,89.8
175,"GRU-AE",64,100,30,0.005,0.3,"TH3 z2-5 w100 r5",5,83.4,100.0,89.6,95.9,6,6,89.6
176,"GRU-AE",64,100,30,0.005,0.3,"TH3 z2-5 w80 r10",10,83.2,100.0,89.6,95.9,6,6,89.6
177,"GRU-AE",128,100,50,0.005,0.3,"TH3 z2-10 w80 r10",10,84.1,100.0,89.6,96.6,6,6,89.6
178,"GRU-AE",128,100,30,0.005,0.3,"TH3 z2-5 w100 r5",5,82.6,100.0,88.9,95.9,6,6,88.9
179,"GRU-AE",64,100,50,0.005,0.3,"TH3 z2-10 w100 r10",10,83.0,100.0,88.8,96.0,6,6,88.8
180,"GRU-AE",64,100,50,0.005,0.3,"TH3 z2-5 w100 r10",10,83.0,100.0,88.8,96.0,6,6,88.8
181,"GRU-AE",64,100,50,0.005,0.3,"TH3 z2-10 w100 r10",10,83.0,100.0,88.8,96.0,6,6,88.8
182,"GRU-AE",64,100,50,0.005,0.3,"TH3 z2-5 w100 r10",10,83.0,100.0,88.8,96.0,6,6,88.8
183,"GRU-AE",64,100,50,0.005,0.3,"TH3 z2-10 w100 r10",10,83.0,100.0,88.8,96.0,6,6,88.8
184,"GRU-AE",64,100,50,0.005,0.3,"TH3 z2-5 w100 r10",10,83.0,100.0,88.8,96.0,6,6,88.8
185,"GRU-AE",64,100,50,0.005,0.3,"TH3 z2-10 w100 r10",10,83.0,100.0,88.8,96.0,6,6,88.8
186,"GRU-AE",64,100,50,0.005,0.3,"TH3 z2-5 w100 r10",10,83.0,100.0,88.8,96.0,6,6,88.8
187,"GRU-AE",128,100,30,0.005,0.3,"TH3 z2-10 w80 r10",10,82.0,100.0,88.5,95.8,6,6,88.5
188,"GRU-AE",64,100,50,0.005,0.3,"TH2 α1.5 w100 r5",5,81.5,100.0,87.9,95.1,6,6,87.9
189,"GRU-AE",64,100,50,0.005,0.3,"TH2 α1.5 w100 r5",5,81.5,100.0,87.9,95.1,6,6,87.9
190,"GRU-AE",8,100,50,0.005,0.3,"TH1 P99 w100 r10",10,80.5,100.0,87.1,94.6,6,6,87.1
191,"GRU-AE",64,100,50,0.005,0.3,"TH2 α1.5 w100 r10",10,80.5,100.0,86.9,94.7,6,6,86.9
192,"GRU-AE",64,100,50,0.005,0.3,"TH2 α1.5 w100 r10",10,80.5,100.0,86.9,94.7,6,6,86.9
193,"GRU-AE",8,100,50,0.005,0.3,"TH3 z2-5 w80 r5",5,79.8,100.0,86.1,95.1,6,6,86.1
194,"GRU-AE",8,100,50,0.005,0.3,"TH3 z3-10 w80 r50",50,79.7,100.0,85.8,94.5,6,6,85.8
195,"GRU-AE",64,100,50,0.005,0.3,"TH3 z1-10 w80 r5",5,78.1,100.0,85.7,93.6,6,6,85.7
196,"GRU-AE",64,100,50,0.005,0.3,"TH3 z1-10 w80 r5",5,78.1,100.0,85.7,93.6,6,6,85.7
197,"GRU-AE",64,100,50,0.005,0.3,"TH3 z1-5 w80 r5",5,78.1,100.0,85.7,93.6,6,6,85.7
198,"GRU-AE",64,100,50,0.005,0.3,"TH3 z1-10 w80 r5",5,78.1,100.0,85.7,93.6,6,6,85.7
199,"GRU-AE",64,100,50,0.005,0.3,"TH3 z1-10 w80 r5",5,78.1,100.0,85.7,93.6,6,6,85.7
200,"GRU-AE",64,100,50,0.005,0.3,"TH3 z3-5 w80 r50",50,79.7,100.0,85.6,94.5,6,6,85.6
201,"GRU-AE",64,100,50,0.005,0.3,"TH3 z3-10 w80 r50",50,79.7,100.0,85.6,94.5,6,6,85.6
202,"GRU-AE",64,100,50,0.005,0.3,"TH3 z3-10 w80 r50",50,79.7,100.0,85.6,94.5,6,6,85.6
203,"GRU-AE",64,100,50,0.005,0.3,"TH3 z3-5 w80 r50",50,79.7,100.0,85.6,94.5,6,6,85.6
204,"GRU-AE",64,100,50,0.005,0.3,"TH3 z3-10 w80 r50",50,79.7,100.0,85.6,94.5,6,6,85.6
205,"GRU-AE",64,100,50,0.005,0.3,"TH3 z3-5 w80 r50",50,79.7,100.0,85.6,94.5,6,6,85.6
206,"GRU-AE",64,100,50,0.005,0.3,"TH3 z1-10 w80 r10",10,77.9,100.0,85.5,93.3,6,6,85.5
207,"GRU-AE",64,100,50,0.005,0.3,"TH3 z1-5 w80 r10",10,77.9,100.0,85.5,93.3,6,6,85.5
208,"GRU-AE",64,100,50,0.005,0.3,"TH3 z1-10 w80 r10",10,77.9,100.0,85.5,93.3,6,6,85.5
209,"GRU-AE",64,100,50,0.005,0.3,"TH3 z1-5 w80 r10",10,77.9,100.0,85.5,93.3,6,6,85.5
210,"GRU-AE",64,100,50,0.005,0.3,"TH3 z1-10 w80 r10",10,77.9,100.0,85.5,93.3,6,6,85.5
211,"GRU-AE",64,100,50,0.005,0.3,"TH3 z2-5 w80 r50",50,79.0,100.0,85.1,94.1,6,6,85.1
212,"GRU-AE",64,100,50,0.005,0.3,"TH3 z2-10 w80 r50",50,79.0,100.0,85.1,94.1,6,6,85.1
213,"GRU-AE",64,100,50,0.005,0.3,"TH3 z2-5 w80 r50",50,79.0,100.0,85.1,94.1,6,6,85.1
214,"GRU-AE",64,100,50,0.005,0.3,"TH3 z2-10 w80 r50",50,79.0,100.0,85.1,94.1,6,6,85.1
215,"GRU-AE",64,100,50,0.005,0.3,"TH3 z2-5 w80 r50",50,79.0,100.0,85.1,94.1,6,6,85.1
216,"GRU-AE",64,100,50,0.005,0.3,"TH3 z2-5 w80 r50",50,79.0,100.0,85.1,94.1,6,6,85.1
217,"GRU-AE",8,100,50,0.005,0.3,"TH2 α1.5 w100 r10",10,77.8,100.0,84.8,93.7,6,6,84.8
218,"GRU-AE",64,100,50,0.005,0.3,"TH3 z1-10 w100 r5",5,76.3,100.0,84.0,92.2,6,6,84.0
219,"GRU-AE",64,100,50,0.005,0.3,"TH3 z1-5 w100 r5",5,76.3,100.0,84.0,92.2,6,6,84.0
220,"GRU-AE",64,100,50,0.005,0.3,"TH3 z1-5 w100 r5",5,76.3,100.0,84.0,92.2,6,6,84.0
221,"GRU-AE",64,100,50,0.005,0.3,"TH3 z1-10 w100 r5",5,76.3,100.0,84.0,92.2,6,6,84.0
222,"GRU-AE",64,100,50,0.005,0.3,"TH3 z1-10 w100 r5",5,76.3,100.0,84.0,92.2,6,6,84.0
223,"GRU-AE",128,100,50,0.005,0.3,"TH3 z1-5 w100 r10",10,76.5,100.0,84.0,91.9,6,6,84.0
224,"GRU-AE",64,100,50,0.005,0.3,"TH3 z1-5 w100 r10",10,75.7,100.0,83.7,91.7,6,6,83.7
225,"GRU-AE",64,100,50,0.005,0.3,"TH3 z1-10 w100 r10",10,75.7,100.0,83.7,91.7,6,6,83.7
226,"GRU-AE",64,100,50,0.005,0.3,"TH3 z1-5 w100 r10",10,75.7,100.0,83.7,91.7,6,6,83.7
227,"GRU-AE",64,100,50,0.005,0.3,"TH3 z1-10 w100 r10",10,75.7,100.0,83.7,91.7,6,6,83.7
228,"GRU-AE",64,100,30,0.005,0.3,"TH3 z1-5 w80 r5",5,74.9,100.0,83.6,91.6,6,6,83.6
229,"GRU-AE",64,100,30,0.005,0.3,"TH3 z1-5 w80 r10",10,74.1,100.0,83.0,91.1,6,6,83.0
230,"GRU-AE",128,100,50,0.005,0.3,"TH3 z0.5-5 w80 r10",10,75.0,100.0,82.8,90.9,6,6,82.8
231,"GRU-AE",128,100,50,0.005,0.3,"TH3 z0.5-10 w80 r5",5,74.9,100.0,82.8,90.9,6,6,82.8
232,"GRU-AE",8,30,50,0.005,0.3,"TH3 z1-5 w80 r5",5,75.3,100.0,82.5,92.4,6,6,82.5
233,"GRU-AE",128,100,50,0.005,0.3,"TH3 z0.5-10 w100 r10",10,74.0,100.0,82.1,90.2,6,6,82.1
234,"GRU-AE",64,30,30,0.005,0.3,"TH3 z1-5 w80 r5",5,74.3,100.0,81.6,91.5,6,6,81.6
235,"GRU-AE",128,100,50,0.005,0.3,"TH2 α3.5 w100 r50",50,75.1,100.0,81.5,91.1,6,6,81.5
236,"GRU-AE",128,100,30,0.005,0.3,"TH3 z1-5 w100 r5",5,71.6,100.0,81.3,89.8,6,6,81.3
237,"GRU-AE",64,100,50,0.005,0.3,"TH3 z0.5-10 w100 r10",10,72.0,100.0,81.1,89.5,6,6,81.1
238,"GRU-AE",64,100,50,0.005,0.3,"TH3 z0.5-5 w100 r10",10,72.0,100.0,81.1,89.5,6,6,81.1
239,"GRU-AE",64,100,50,0.005,0.3,"TH3 z0.5-5 w100 r10",10,72.0,100.0,81.1,89.5,6,6,81.1
240,"GRU-AE",64,100,50,0.005,0.3,"TH3 z0.5-5 w100 r10",10,72.0,100.0,81.1,89.5,6,6,81.1
241,"GRU-AE",64,100,50,0.005,0.3,"TH3 z0.5-10 w80 r10",10,71.7,100.0,81.0,89.6,6,6,81.0
242,"GRU-AE",64,100,50,0.005,0.3,"TH3 z0.5-5 w80 r10",10,71.7,100.0,81.0,89.6,6,6,81.0
243,"GRU-AE",64,100,50,0.005,0.3,"TH3 z0.5-10 w80 r10",10,71.7,100.0,81.0,89.6,6,6,81.0
244,"GRU-AE",64,100,50,0.005,0.3,"TH3 z0.5-5 w80 r10",10,71.7,100.0,81.0,89.6,6,6,81.0
245,"GRU-AE",64,100,50,0.005,0.3,"TH3 z0.5-10 w80 r10",10,71.7,100.0,81.0,89.6,6,6,81.0
246,"GRU-AE",64,100,50,0.005,0.3,"TH3 z0.5-5 w100 r5",5,71.9,100.0,81.0,89.5,6,6,81.0
247,"GRU-AE",64,100,50,0.005,0.3,"TH3 z0.5-10 w100 r5",5,71.9,100.0,81.0,89.5,6,6,81.0
248,"GRU-AE",64,100,50,0.005,0.3,"TH3 z0.5-5 w100 r5",5,71.9,100.0,81.0,89.5,6,6,81.0
249,"GRU-AE",64,100,50,0.005,0.3,"TH3 z0.5-10 w100 r5",5,71.9,100.0,81.0,89.5,6,6,81.0
250,"GRU-AE",64,100,50,0.005,0.3,"TH3 z0.5-5 w100 r5",5,71.9,100.0,81.0,89.5,6,6,81.0
251,"GRU-AE",64,100,50,0.005,0.3,"TH3 z0.5-10 w80 r5",5,71.6,100.0,81.0,89.6,6,6,81.0
252,"GRU-AE",64,100,50,0.005,0.3,"TH3 z0.5-5 w80 r5",5,71.6,100.0,81.0,89.6,6,6,81.0
253,"GRU-AE",64,100,50,0.005,0.3,"TH3 z0.5-5 w80 r5",5,71.6,100.0,81.0,89.6,6,6,81.0
254,"GRU-AE",64,100,50,0.005,0.3,"TH3 z0.5-5 w80 r5",5,71.6,100.0,81.0,89.6,6,6,81.0
255,"GRU-AE",8,100,50,0.005,0.3,"TH3 z3-5 w100 r50",50,74.6,100.0,80.9,90.6,6,6,80.9
256,"GRU-AE",128,100,30,0.005,0.3,"TH3 z3-10 w100 r50",50,74.5,100.0,80.8,90.5,6,6,80.8
257,"GRU-AE",64,100,50,0.005,0.3,"TH2 α3.5 w100 r50",50,74.5,100.0,80.8,90.4,6,6,80.8
258,"GRU-AE",64,100,50,0.005,0.3,"TH2 α3.5 w100 r50",50,74.5,100.0,80.8,90.4,6,6,80.8
259,"GRU-AE",64,100,50,0.005,0.3,"TH2 α3.5 w100 r50",50,74.5,100.0,80.8,90.4,6,6,80.8
260,"GRU-AE",64,100,50,0.005,0.3,"TH3 z3-10 w100 r50",50,74.5,100.0,80.7,90.4,6,6,80.7
261,"GRU-AE",64,100,50,0.005,0.3,"TH3 z3-5 w100 r50",50,74.5,100.0,80.7,90.4,6,6,80.7
262,"GRU-AE",64,100,50,0.005,0.3,"TH3 z3-10 w100 r50",50,74.5,100.0,80.7,90.4,6,6,80.7
263,"GRU-AE",64,100,50,0.005,0.3,"TH3 z3-5 w100 r50",50,74.5,100.0,80.7,90.4,6,6,80.7
264,"GRU-AE",64,100,50,0.005,0.3,"TH3 z3-10 w100 r50",50,74.5,100.0,80.7,90.4,6,6,80.7
265,"GRU-AE",64,100,50,0.005,0.3,"TH3 z3-5 w100 r50",50,74.5,100.0,80.7,90.4,6,6,80.7
266,"GRU-AE",64,100,50,0.005,0.3,"TH3 z2-10 w100 r50",50,74.3,100.0,80.5,90.2,6,6,80.5
267,"GRU-AE",64,100,50,0.005,0.3,"TH3 z2-10 w100 r50",50,74.3,100.0,80.5,90.2,6,6,80.5
268,"GRU-AE",64,100,50,0.005,0.3,"TH3 z2-5 w100 r50",50,74.3,100.0,80.5,90.2,6,6,80.5
269,"GRU-AE",64,100,50,0.005,0.3,"TH3 z2-5 w100 r50",50,74.3,100.0,80.5,90.2,6,6,80.5
270,"GRU-AE",64,100,50,0.005,0.3,"TH3 z2-10 w100 r50",50,74.3,100.0,80.5,90.2,6,6,80.5
271,"GRU-AE",128,100,30,0.005,0.3,"TH3 z2-5 w100 r50",50,74.2,100.0,80.5,90.1,6,6,80.5
272,"GRU-AE",64,100,50,0.005,0.3,"TH3 z1-5 w80 r50",50,72.2,100.0,80.4,89.1,6,6,80.4
273,"GRU-AE",64,100,50,0.005,0.3,"TH3 z1-10 w80 r50",50,72.2,100.0,80.4,89.1,6,6,80.4
274,"GRU-AE",64,100,50,0.005,0.3,"TH3 z1-5 w80 r50",50,72.2,100.0,80.4,89.1,6,6,80.4
275,"GRU-AE",64,100,50,0.005,0.3,"TH3 z1-10 w80 r50",50,72.2,100.0,80.4,89.1,6,6,80.4
276,"GRU-AE",64,100,50,0.005,0.3,"TH3 z1-10 w80 r50",50,72.2,100.0,80.4,89.1,6,6,80.4
277,"GRU-AE",64,100,50,0.005,0.3,"TH3 z1-5 w80 r50",50,72.2,100.0,80.4,89.1,6,6,80.4
278,"GRU-AE",64,100,50,0.005,0.3,"TH3 z1-10 w80 r50",50,72.2,100.0,80.4,89.1,6,6,80.4
279,"GRU-AE",64,100,50,0.005,0.3,"TH2 α1.5 w100 r50",50,73.9,100.0,80.2,89.8,6,6,80.2
280,"GRU-AE",64,100,50,0.005,0.3,"TH2 α1.5 w100 r50",50,73.9,100.0,80.2,89.8,6,6,80.2
281,"GRU-AE",64,100,50,0.005,0.3,"TH2 α1.5 w100 r50",50,73.9,100.0,80.2,89.8,6,6,80.2
282,"GRU-AE",64,100,30,0.005,0.3,"TH3 z2-10 w100 r50",50,74.0,100.0,80.0,89.7,6,6,80.0
283,"GRU-AE",64,100,30,0.005,0.3,"TH3 z0.5-10 w100 r10",10,70.3,100.0,79.9,88.9,6,6,79.9
284,"GRU-AE",64,100,50,0.005,0.3,"TH3 z0.5-5 w80 r50",50,70.5,100.0,79.5,88.4,6,6,79.5
285,"GRU-AE",64,100,50,0.005,0.3,"TH3 z0.5-10 w80 r50",50,70.5,100.0,79.5,88.4,6,6,79.5
286,"GRU-AE",64,100,50,0.005,0.3,"TH3 z0.5-5 w80 r50",50,70.5,100.0,79.5,88.4,6,6,79.5
287,"GRU-AE",64,100,50,0.005,0.3,"TH3 z0.5-10 w80 r50",50,70.5,100.0,79.5,88.4,6,6,79.5
288,"GRU-AE",64,100,50,0.005,0.3,"TH3 z0.5-5 w80 r50",50,70.5,100.0,79.5,88.4,6,6,79.5
289,"GRU-AE",64,100,50,0.005,0.3,"TH3 z0.5-10 w80 r50",50,70.5,100.0,79.5,88.4,6,6,79.5
290,"GRU-AE",64,100,50,0.005,0.3,"TH3 z0.5-5 w80 r50",50,70.5,100.0,79.5,88.4,6,6,79.5
291,"GRU-AE",64,100,50,0.005,0.3,"TH3 z1-5 w100 r50",50,71.6,100.0,78.5,87.5,6,6,78.5
292,"GRU-AE",64,100,50,0.005,0.3,"TH3 z1-5 w100 r50",50,71.6,100.0,78.5,87.5,6,6,78.5
293,"GRU-AE",64,100,50,0.005,0.3,"TH3 z1-10 w100 r50",50,71.6,100.0,78.5,87.5,6,6,78.5
294,"GRU-AE",64,100,50,0.005,0.3,"TH3 z1-10 w100 r50",50,71.6,100.0,78.5,87.5,6,6,78.5
295,"GRU-AE",64,100,50,0.005,0.3,"TH3 z1-10 w100 r50",50,71.6,100.0,78.5,87.5,6,6,78.5
296,"GRU-AE",64,100,50,0.005,0.3,"TH3 z1-5 w100 r50",50,71.6,100.0,78.5,87.5,6,6,78.5
297,"GRU-AE",64,100,30,0.005,0.3,"TH3 z1-10 w100 r50",50,71.6,100.0,78.5,87.6,6,6,78.5
298,"GRU-AE",128,100,30,0.005,0.3,"TH3 z0.5-10 w100 r5",5,67.8,100.0,78.1,87.5,6,6,78.1
299,"GRU-AE",128,100,30,0.005,0.3,"TH3 z0.5-10 w100 r5",5,67.8,100.0,78.1,87.5,6,6,78.1
300,"GRU-AE",8,100,50,0.005,0.3,"TH3 z1-5 w80 r10",10,70.5,100.0,78.1,88.5,6,6,78.1
301,"GRU-AE",64,10,50,0.005,0.3,"TH3 z0.5-5 w100 r50",50,69.7,100.0,77.4,87.5,6,6,77.4
302,"GRU-AE",64,100,50,0.005,0.3,"TH3 z0.5-10 w100 r50",50,69.6,100.0,77.2,86.0,6,6,77.2
303,"GRU-AE",64,100,50,0.005,0.3,"TH3 z0.5-5 w100 r50",50,69.6,100.0,77.2,86.0,6,6,77.2
304,"GRU-AE",64,100,50,0.005,0.3,"TH3 z0.5-10 w100 r50",50,69.6,100.0,77.2,86.0,6,6,77.2
305,"GRU-AE",64,100,50,0.005,0.3,"TH3 z0.5-5 w100 r50",50,69.6,100.0,77.2,86.0,6,6,77.2
306,"GRU-AE",64,100,50,0.005,0.3,"TH3 z0.5-10 w100 r50",50,69.6,100.0,77.2,86.0,6,6,77.2
307,"GRU-AE",64,100,50,0.005,0.3,"TH3 z0.5-5 w100 r50",50,69.6,100.0,77.2,86.0,6,6,77.2
308,"GRU-AE",128,100,30,0.005,0.3,"TH3 z1-5 w80 r50",50,67.5,100.0,77.2,86.8,6,6,77.2
309,"GRU-AE",128,100,30,0.005,0.3,"TH3 z0.5-5 w80 r5",5,66.8,100.0,77.1,86.9,6,6,77.1
310,"GRU-AE",64,10,50,0.005,0.3,"TH3 z0.5-10 w80 r50",50,67.9,100.0,76.5,87.0,6,6,76.5
311,"GRU-AE",8,100,50,0.005,0.3,"TH3 z0.5-5 w100 r10",10,66.8,100.0,76.3,86.2,6,6,76.3
312,"GRU-AE",8,100,50,0.005,0.3,"TH3 z0.5-5 w100 r5",5,66.6,100.0,76.0,86.0,6,6,76.0
313,"GRU-AE",64,10,50,0.005,0.3,"TH3 z0.5-10 w80 r10",10,66.5,100.0,75.3,85.2,6,6,75.3
314,"GRU-AE",64,10,50,0.005,0.3,"TH3 z0.5-10 w80 r5",5,66.0,100.0,74.8,84.6,6,6,74.8
315,"GRU-AE",64,10,50,0.005,0.3,"TH3 z0.5-10 w80 r5",5,66.0,100.0,74.8,84.6,6,6,74.8
316,"GRU-AE",128,100,30,0.005,0.3,"TH3 z0.5-10 w100 r50",50,65.1,100.0,74.7,84.5,6,6,74.7
317,"GRU-AE",8,100,50,0.005,0.3,"TH3 z0.5-5 w80 r10",10,65.3,100.0,74.5,84.3,6,6,74.5
318,"GRU-AE",64,30,50,0.005,0.3,"TH3 z0.5-10 w100 r10",10,64.1,100.0,73.9,82.9,6,6,73.9
319,"GRU-AE",8,30,50,0.005,0.3,"TH3 z3-5 w100 r5",5,70.8,75.0,72.7,91.8,5,6,72.7
320,"GRU-AE",64,100,50,0.005,0.3,"TH2 α1.5 w200 r5",5,68.9,75.0,71.6,91.4,5,6,71.6
321,"GRU-AE",64,30,50,0.005,0.3,"TH2 α1.5 w200 r5",5,68.7,75.0,71.5,91.5,5,6,71.5
322,"GRU-AE",64,100,30,0.005,0.3,"TH2 α1.5 w200 r5",5,68.6,75.0,71.4,91.4,5,6,71.4
323,"GRU-AE",8,30,50,0.005,0.3,"TH2 α3.5 w100 r10",10,68.6,75.0,71.3,91.6,5,6,71.3
324,"GRU-AE",64,100,50,0.005,0.3,"TH2 α1.5 w200 r10",10,68.1,75.0,71.1,91.3,5,6,71.1
325,"GRU-AE",64,100,50,0.005,0.3,"TH2 α1.5 w200 r10",10,68.1,75.0,71.1,91.3,5,6,71.1
326,"GRU-AE",64,100,50,0.005,0.3,"TH2 α3.5 w100 r5",5,67.8,75.0,71.0,81.0,5,6,71.0
327,"GRU-AE",128,100,50,0.005,0.3,"TH2 α3.5 w100 r5",5,67.8,75.0,71.0,81.0,5,6,71.0
328,"GRU-AE",64,100,50,0.005,0.3,"TH2 α3.5 w100 r5",5,67.8,75.0,71.0,81.0,5,6,71.0
329,"GRU-AE",128,10,30,0.005,0.3,"TH3 z3-5 w80 r5",5,67.8,75.0,70.9,91.3,5,6,70.9
330,"GRU-AE",8,30,50,0.005,0.3,"TH2 α1.5 w200 r50",50,67.3,75.0,70.5,91.2,5,6,70.5
331,"GRU-AE",64,100,50,0.005,0.3,"TH2 α1.5 w200 r50",50,66.8,75.0,70.3,90.7,5,6,70.3
332,"GRU-AE",64,100,50,0.005,0.3,"TH2 α1.5 w200 r50",50,66.8,75.0,70.3,90.7,5,6,70.3
333,"GRU-AE",64,100,50,0.005,0.3,"TH2 α1.5 w200 r50",50,66.8,75.0,70.3,90.7,5,6,70.3
334,"GRU-AE",64,10,50,0.005,0.3,"TH2 α1.5 w200 r5",5,66.7,75.0,70.3,90.8,5,6,70.3
335,"GRU-AE",64,10,50,0.005,0.3,"TH2 α1.5 w200 r10",10,66.4,75.0,70.0,90.8,5,6,70.0
336,"GRU-AE",128,10,50,0.005,0.3,"TH3 z3-10 w80 r10",10,65.0,75.0,69.0,90.6,5,6,69.0
337,"GRU-AE",64,30,50,0.005,0.3,"TH4 α2 w500 c5 r10",10,64.7,75.0,68.7,83.4,5,6,68.7
338,"GRU-AE",64,30,50,0.005,0.3,"TH4 α2 w500 c2 r10",10,64.7,75.0,68.7,83.4,5,6,68.7
339,"GRU-AE",64,100,50,0.005,0.3,"TH2 α3.5 w100 r10",10,64.3,75.0,68.4,80.6,5,6,68.4
340,"GRU-AE",64,100,50,0.005,0.3,"TH2 α3.5 w100 r10",10,64.3,75.0,68.4,80.6,5,6,68.4
341,"GRU-AE",64,30,50,0.005,0.3,"TH3 z2-5 w80 r5",5,63.5,75.0,68.0,89.8,5,6,68.0
342,"GRU-AE",8,30,50,0.005,0.3,"TH2 α1.5 w100 r5",5,61.9,75.0,66.6,89.6,5,6,66.6
343,"GRU-AE",64,30,30,0.005,0.3,"TH2 α1.5 w100 r10",10,61.2,75.0,66.3,88.7,5,6,66.3
344,"GRU-AE",128,30,30,0.005,0.3,"TH3 z2-5 w80 r10",10,60.8,75.0,66.1,88.7,5,6,66.1
345,"GRU-AE",64,30,50,0.005,0.3,"TH3 z3-5 w80 r50",50,60.2,75.0,65.0,89.6,5,6,65.0
346,"GRU-AE",64,10,50,0.005,0.3,"TH3 z2-10 w80 r5",5,58.4,75.0,63.9,87.9,5,6,63.9
347,"GRU-AE",64,10,30,0.005,0.3,"TH2 α1.5 w100 r5",5,57.7,75.0,63.7,86.9,5,6,63.7
348,"GRU-AE",64,10,50,0.005,0.3,"TH2 α1.5 w100 r10",10,56.9,75.0,63.0,86.8,5,6,63.0
349,"GRU-AE",8,30,50,0.005,0.3,"TH4 α2 w500 c2 r50",50,57.2,75.0,62.6,80.2,5,6,62.6
350,"GRU-AE",64,30,50,0.005,0.3,"TH3 z2-10 w80 r50",50,56.5,75.0,61.8,87.8,5,6,61.8
351,"GRU-AE",64,30,50,0.005,0.3,"TH3 z1-10 w100 r10",10,55.2,75.0,61.6,84.8,5,6,61.6
352,"GRU-AE",64,30,50,0.005,0.3,"TH3 z1-10 w100 r10",10,55.2,75.0,61.6,84.8,5,6,61.6
353,"GRU-AE",128,30,50,0.005,0.3,"TH3 z1-10 w100 r5",5,55.6,75.0,61.4,86.1,5,6,61.4
354,"GRU-AE",128,100,50,0.005,0.3,"TH4 α2 w500 c5 r50",50,55.5,75.0,61.0,78.2,5,6,61.0
355,"GRU-AE",64,100,50,0.005,0.3,"TH4 α2 w500 c2 r50",50,55.4,75.0,60.8,78.1,5,6,60.8
356,"GRU-AE",64,100,50,0.005,0.3,"TH4 α2 w500 c2 r50",50,55.4,75.0,60.8,78.1,5,6,60.8
357,"GRU-AE",64,100,50,0.005,0.3,"TH4 α2 w500 c5 r50",50,55.4,75.0,60.8,78.1,5,6,60.8
358,"GRU-AE",64,100,50,0.005,0.3,"TH4 α2 w500 c2 r50",50,55.4,75.0,60.8,78.1,5,6,60.8
359,"GRU-AE",64,10,50,0.005,0.3,"TH4 α2 w500 c5 r50",50,54.1,75.0,60.2,78.0,5,6,60.2
360,"GRU-AE",128,10,50,0.005,0.3,"TH3 z2-5 w100 r50",50,54.8,75.0,59.7,86.7,5,6,59.7
361,"GRU-AE",128,10,30,0.005,0.3,"TH2 α1.5 w100 r50",50,52.8,75.0,57.9,85.2,5,6,57.9
362,"GRU-AE",64,10,50,0.005,0.3,"TH3 z1-5 w100 r5",5,51.3,75.0,57.4,83.0,5,6,57.4
363,"GRU-AE",64,30,50,0.005,0.3,"TH3 z1-5 w100 r50",50,51.2,75.0,56.7,83.0,5,6,56.7
364,"GRU-AE",64,30,50,0.005,0.3,"TH3 z3-5 w100 r5",5,47.3,50.0,48.6,74.3,4,6,48.6
365,"GRU-AE",64,10,50,0.005,0.3,"TH3 z3-10 w100 r5",5,44.0,50.0,46.6,73.5,4,6,46.6
366,"GRU-AE",8,100,30,0.005,0.3,"TH2 α1.5 w200 r10",10,44.0,50.0,46.6,77.1,4,6,46.6
367,"GRU-AE",64,30,50,0.005,0.3,"TH3 z3-10 w80 r5",5,43.6,50.0,46.3,76.9,4,6,46.3
368,"GRU-AE",128,100,30,0.005,0.3,"TH2 α3.5 w100 r5",5,43.6,50.0,46.3,66.6,4,6,46.3
369,"GRU-AE",8,100,50,0.005,0.3,"TH4 α3.5 w500 c5 r10",10,42.2,50.0,45.4,66.3,4,6,45.4
370,"GRU-AE",64,100,30,0.005,0.3,"TH4 α3.5 w500 c2 r10",10,42.2,50.0,45.4,66.3,4,6,45.4
371,"GRU-AE",64,100,50,0.005,0.3,"TH4 α3.5 w500 c5 r10",10,42.2,50.0,45.4,66.3,4,6,45.4
372,"GRU-AE",64,100,50,0.005,0.3,"TH4 α3.5 w500 c2 r10",10,42.2,50.0,45.4,66.3,4,6,45.4
373,"GRU-AE",64,100,50,0.005,0.3,"TH4 α3.5 w500 c5 r10",10,42.2,50.0,45.4,66.3,4,6,45.4
374,"GRU-AE",64,100,50,0.005,0.3,"TH4 α3.5 w500 c2 r10",10,42.2,50.0,45.4,66.3,4,6,45.4
375,"GRU-AE",64,100,50,0.005,0.3,"TH4 α3.5 w500 c5 r10",10,42.2,50.0,45.4,66.3,4,6,45.4
376,"GRU-AE",64,100,50,0.005,0.3,"TH4 α3.5 w500 c2 r10",10,42.2,50.0,45.4,66.3,4,6,45.4
377,"GRU-AE",64,100,50,0.005,0.3,"TH4 α2 w500 c2 r10",10,36.5,50.0,40.8,63.8,4,6,40.8
378,"GRU-AE",64,100,50,0.005,0.3,"TH4 α2 w500 c5 r10",10,36.5,50.0,40.8,63.8,4,6,40.8
379,"GRU-AE",64,100,50,0.005,0.3,"TH4 α2 w500 c2 r10",10,36.5,50.0,40.8,63.8,4,6,40.8
380,"GRU-AE",64,100,50,0.005,0.3,"TH4 α2 w500 c5 r10",10,36.5,50.0,40.8,63.8,4,6,40.8
381,"GRU-AE",128,100,30,0.005,0.3,"TH4 α2 w500 c2 r10",10,35.2,50.0,39.5,63.1,4,6,39.5
382,"GRU-AE",64,100,50,0.005,0.3,"TH4 α3.5 w500 c5 r50",50,34.1,50.0,38.4,61.0,4,6,38.4
383,"GRU-AE",64,100,50,0.005,0.3,"TH4 α3.5 w500 c2 r50",50,34.1,50.0,38.4,61.0,4,6,38.4
384,"GRU-AE",64,100,50,0.005,0.3,"TH4 α3.5 w500 c5 r50",50,34.1,50.0,38.4,61.0,4,6,38.4
385,"GRU-AE",64,100,50,0.005,0.3,"TH4 α3.5 w500 c2 r50",50,34.1,50.0,38.4,61.0,4,6,38.4
386,"GRU-AE",64,100,50,0.005,0.3,"TH4 α3.5 w500 c5 r50",50,34.1,50.0,38.4,61.0,4,6,38.4
387,"GRU-AE",64,100,50,0.005,0.3,"TH4 α3.5 w500 c2 r50",50,34.1,50.0,38.4,61.0,4,6,38.4
388,"GRU-AE",128,10,30,0.005,0.3,"TH4 α3.5 w500 c5 r50",50,33.3,50.0,38.1,61.8,4,6,38.1
389,"GRU-AE",8,10,30,0.005,0.3,"TH3 z2-10 w80 r50",50,31.5,50.0,36.8,73.0,4,6,36.8
390,"GRU-AE",64,100,50,0.005,0.3,"TH2 α3.5 w200 r5",5,24.3,25.0,24.6,59.9,3,6,24.6
391,"GRU-AE",64,100,50,0.005,0.3,"TH2 α3.5 w200 r5",5,24.3,25.0,24.6,59.9,3,6,24.6
392,"GRU-AE",64,100,50,0.005,0.3,"TH2 α3.5 w200 r5",5,24.3,25.0,24.6,59.9,3,6,24.6
393,"GRU-AE",64,100,50,0.005,0.3,"TH2 α3.5 w200 r10",10,23.6,25.0,24.3,59.9,3,6,24.3
394,"GRU-AE",64,100,50,0.005,0.3,"TH2 α3.5 w200 r50",50,23.6,25.0,24.3,59.9,3,6,24.3
395,"GRU-AE",64,100,50,0.005,0.3,"TH2 α3.5 w200 r10",10,23.6,25.0,24.3,59.9,3,6,24.3
396,"GRU-AE",64,100,30,0.005,0.3,"TH2 α3.5 w200 r50",50,23.6,25.0,24.3,59.9,3,6,24.3
397,"GRU-AE",64,100,50,0.005,0.3,"TH2 α3.5 w200 r50",50,23.6,25.0,24.3,59.9,3,6,24.3
398,"GRU-AE",128,100,30,0.005,0.3,"TH2 α3.5 w200 r10",10,23.6,25.0,24.3,59.9,3,6,24.3
399,"GRU-AE",64,10,50,0.005,0.3,"TH2 α3.5 w200 r10",10,22.4,25.0,23.6,59.8,3,6,23.6
400,"GRU-AE",64,10,50,0.005,0.3,"TH2 α3.5 w100 r10",10,15.9,25.0,19.4,58.7,3,6,19.4